review_text,sentiment
"This movie was absolutely incredible! The visuals were stunning and the story had me on the edge of my seat the whole time.",positive
"One of the best films I have ever seen. The acting was superb and the plot was gripping from start to finish.",positive
"A masterpiece of cinema. The direction was flawless and every scene was beautifully crafted.",positive
"Loved every minute of it. A perfect blend of action and emotion that left me speechless.",positive
"Brilliant film with an outstanding cast. The screenplay was clever and the pacing was excellent.",positive
"This is a must watch movie. The story was compelling and the performances were top notch.",positive
"Amazing cinematography and a gripping storyline. One of the best movies of the decade.",positive
"Fantastic film that keeps you engaged throughout. The twists were unexpected and satisfying.",positive
"Wonderful storytelling and memorable characters. I was moved to tears by the end.",positive
"A timeless classic. The performances were extraordinary and the story deeply moving.",positive
"This movie brought tears to my eyes. A deeply emotional and powerful story about love and sacrifice.",positive
"The best movie I have seen this year. Excellent performances and a thought provoking story.",positive
"Incredible action sequences and a great story. Thoroughly entertaining from beginning to end.",positive
"A heartwarming and inspiring film that will stay with me for a long time.",positive
"Outstanding visual effects and a compelling narrative. A true cinematic achievement.",positive
"This was absolutely terrible. A waste of time and money. The plot made no sense at all.",negative
"One of the worst movies I have ever seen. The acting was wooden and the story was boring.",negative
"I fell asleep halfway through. Completely dull and uninteresting with no redeeming qualities.",negative
"A disappointing mess. The script was awful and the characters were completely unlikeable.",negative
"Total garbage. The director had no idea what they were doing. Avoid at all costs.",negative
"Painfully boring and predictable. The twist ending was obvious from the first ten minutes.",negative
"A poorly made film with terrible writing. The special effects looked cheap and unconvincing.",negative
"The worst movie I have seen this year. An embarrassing waste of good actors and budget.",negative
"Absolutely dreadful. The pacing was terrible and the dialogue was cringe worthy.",negative
"This film had so much potential but failed on every level. A major disappointment.",negative
"Nothing original here. Just recycled ideas and lazy storytelling.",negative
"The characters were flat and the plot was riddled with holes. A frustrating experience.",negative
"Poorly directed with unlikeable characters and a boring story. Do not waste your time.",negative
"A forgettable film that offers nothing new to the genre. Mediocre at best.",negative
"Simply awful. I regret spending money on this. The plot was incoherent and mind numbing.",negative
"It was okay. Not great not bad. Just a typical average film with some decent moments.",neutral
"A decent enough movie if you have nothing else to watch. Nothing special but enjoyable.",neutral
"Some good parts but overall it was just an average experience. Could have been better.",neutral
"Not bad but not particularly memorable either. It serves its purpose as entertainment.",neutral
"A reasonable watch for a Saturday night. Nothing groundbreaking but entertaining enough.",neutral
"Mixed feelings about this one. Some scenes were great but others fell flat.",neutral
"It had its moments but overall left me feeling indifferent. Take it or leave it.",neutral
"Pretty standard fare for this genre. Decent performances and acceptable production quality.",neutral
"An average movie that did not particularly excite or disappoint. Just fine.",neutral
"Middle of the road entertainment. Some things worked some did not.",neutral
"Watchable but unmemorable. The story was predictable but competently executed.",neutral
"Neither good nor bad. It simply exists as a movie. Competent but uninspiring.",neutral
"Had potential but played it too safe. Enjoyable but not particularly impressive.",neutral
"A serviceable film that does what it sets out to do without being remarkable.",neutral
"OK movie. Some parts were enjoyable others were forgettable. Worth watching once.",neutral
